,City,Cloudiness,Country,Date,Humidity,Lat,Lng,Max Temp,Wind Speed
0,sao filipe,0,IN,1604440955,44,20.51,76.21,67.23,3.09
1,kahului,40,US,1604441267,52,20.89,-156.47,91.4,19.46
2,grand river south east,1,US,1604440965,25,38.88,-109.5,60.8,3.76
3,constitucion,10,CL,1604440958,67,-35.33,-72.42,60.19,15.73
4,hobart,75,AU,1604440694,46,-42.88,147.33,72.0,17.22
5,atyrau,0,KZ,1604441299,50,47.12,51.88,51.8,13.42
6,hermanus,71,ZA,1604441299,90,-34.42,19.23,64.99,12.21
7,gamba,45,GA,1604440919,90,-2.65,10.0,77.61,6.42
8,saint-joseph,0,RE,1604441138,60,-21.37,55.62,71.6,8.05
9,rikitea,0,PF,1604440903,70,-23.12,-134.97,72.91,14.97
10,taltal,23,CL,1604440882,65,-25.4,-70.48,61.48,6.46
11,souris,20,CA,1604441300,36,49.62,-100.26,60.8,12.75
12,launceston,75,AU,1604441300,82,-41.45,147.17,62.6,20.8
13,vaini,20,TO,1604440874,83,-21.2,-175.2,78.8,11.41
14,hilo,75,US,1604440906,62,19.73,-155.09,86.0,11.41
15,grand gaube,1,US,1604441300,25,38.88,-109.5,60.8,3.76
16,tuktoyaktuk,90,CA,1604440925,85,69.45,-133.04,12.2,10.29
17,leningradskiy,9,RU,1604441008,86,69.38,178.42,7.66,21.43
18,mataura,0,NZ,1604440903,72,-46.19,168.86,62.01,4.0
19,codrington,100,AU,1604440941,91,-38.27,141.97,58.68,11.63
20,victoria,100,HK,1604440744,73,22.29,114.16,70.0,5.99
21,new norfolk,100,LR,1604440919,95,6.65,-10.59,75.43,2.53
22,bluff,5,NZ,1604440865,72,-46.6,168.33,62.01,4.0
23,port alfred,37,CD,1604440934,60,-7.03,29.76,77.54,4.47
24,chino valley,75,US,1604441133,28,34.01,-117.69,84.0,4.7
25,brigantine,1,US,1604441302,46,39.41,-74.36,53.6,6.93
26,atuona,7,PF,1604440911,73,-9.8,-139.03,77.88,18.01
27,rafai,100,CF,1604441303,93,4.95,23.92,71.87,2.04
28,port hardy,37,CD,1604440956,60,-7.03,29.76,77.54,4.47
29,deputatskiy,0,RU,1604440936,85,69.3,139.9,-13.18,1.05
30,yellowknife,40,CA,1604441223,77,62.46,-114.35,3.2,13.87
31,torbay,75,CA,1604441303,80,47.67,-52.73,39.2,6.93
32,valparaiso,41,CL,1604440922,72,-33.04,-71.63,60.8,6.93
33,cape town,0,CL,1604440935,41,-36.41,-71.9,77.0,8.05
34,port moresby,37,CD,1604441304,60,-7.03,29.76,77.54,4.47
35,castro,48,BR,1604441304,63,-24.79,-50.01,61.74,4.7
36,saint-philippe,0,RE,1604440985,60,-21.36,55.77,71.6,8.05
37,iqaluit,75,CA,1604441006,85,63.75,-68.51,12.2,8.05
38,airai,59,TL,1604440956,69,-8.93,125.41,63.3,2.26
39,kapaa,40,US,1604441304,78,22.08,-159.32,82.4,11.41
40,krasnovishersk,27,RU,1604441304,94,60.41,57.08,27.3,8.59
41,klaksvik,100,FO,1604440911,70,62.23,-6.59,44.6,32.21
42,mnogovershinnyy,100,RU,1604440958,96,53.94,139.92,16.38,16.31
43,port hedland,37,CD,1604440956,60,-7.03,29.76,77.54,4.47
44,kavieng,100,PG,1604440919,73,-2.57,150.8,84.72,8.46
45,jamestown,1,US,1604440996,57,42.1,-79.24,48.2,9.17
46,naberera,51,TZ,1604441305,87,-4.2,36.93,62.55,11.07
47,port elizabeth,37,CD,1604440956,60,-7.03,29.76,77.54,4.47
48,lavrentiya,65,RU,1604441305,87,65.58,-171.0,18.52,15.01
49,nastola,0,FI,1604441306,93,60.95,25.93,44.6,9.17
50,arraial do cabo,40,BR,1604440947,56,-22.84,-46.65,69.8,17.22
51,katsuura,40,JP,1604440866,50,35.13,140.3,55.4,13.87
52,abu zabad,0,IN,1604441112,38,24.6,72.7,57.9,1.88
53,bredasdorp,98,ZA,1604441061,93,-34.53,20.04,66.2,3.36
54,cherskiy,0,RU,1604440909,85,68.75,161.3,-7.74,3.2
55,hithadhoo,100,MV,1604440965,73,-0.6,73.08,82.53,6.62
56,nikolskoye,40,RU,1604440872,81,59.7,30.79,50.0,6.71
57,punta arenas,100,PH,1604440917,81,8.99,125.34,77.31,3.76
58,jalu,0,LY,1604441307,68,29.03,21.55,63.52,9.86
59,butaritari,72,KI,1604440873,72,3.07,172.79,81.23,17.29
60,kirakira,91,SB,1604441055,76,-10.45,161.92,82.67,9.4
61,narsaq,100,GL,1604441030,92,60.92,-46.05,39.2,8.05
62,barrow,90,US,1604440801,72,71.29,-156.79,10.4,12.75
63,jutai,93,BR,1604441045,75,-5.18,-68.9,82.92,2.04
64,kodiak,1,US,1604441004,42,57.79,-152.41,28.4,10.29
65,gagino,14,RU,1604441308,87,55.23,45.03,39.29,4.54
66,ushuaia,40,AR,1604440861,50,-54.8,-68.3,55.4,3.36
67,busselton,2,AU,1604440977,78,-33.65,115.33,50.0,12.35
68,itarema,55,BR,1604441309,76,-2.92,-39.92,80.65,13.22
69,mahebourg,75,MU,1604440920,73,-20.41,57.7,71.6,8.05
70,griffith,1,US,1604441309,34,41.53,-87.42,69.8,12.75
71,maceio,0,BR,1604440764,83,-9.67,-35.74,78.8,8.05
72,tasiilaq,100,GL,1604440918,98,65.61,-37.64,32.0,38.03
73,geraldton,0,AU,1604440946,87,-28.77,114.6,55.4,6.93
74,huarmey,70,PE,1604440995,70,-10.07,-78.15,67.66,9.13
75,yar-sale,100,RU,1604440917,98,66.83,70.83,25.7,10.47
76,tuatapere,1,NZ,1604440908,72,-46.13,167.68,62.01,4.0
77,cubuk,40,TR,1604441310,75,40.24,33.03,48.0,3.36
78,ramsar,75,IR,1604441311,77,36.92,50.64,66.2,2.24
79,turtas,99,RU,1604440972,95,58.94,69.13,27.09,11.05
80,verkhoyansk,3,RU,1604441311,84,67.54,133.38,-16.17,1.39
81,albany,69,US,1604441214,68,42.6,-73.97,39.0,6.26
82,igrim,100,RU,1604441029,86,63.19,64.42,34.74,15.1
83,lebu,3,CL,1604441311,75,-37.62,-73.65,56.01,2.08
84,chuy,0,UY,1604440987,83,-33.7,-53.46,57.72,7.38
85,puerto ayora,0,ES,1604440918,88,36.59,-6.23,66.2,4.7
86,mys shmidta,100,RU,1604440976,89,62.06,48.62,39.83,12.77
87,bengkulu,75,ID,1604441312,86,-3.8,102.27,74.7,3.67
88,touros,40,BR,1604441011,78,-5.2,-35.46,80.6,14.99
89,brummen,12,NL,1604441312,93,52.09,6.16,46.0,11.41
90,ixtapa,5,MX,1604440812,35,20.7,-105.2,89.6,9.17
91,sikar,0,IN,1604441286,32,27.62,75.15,57.38,1.12
92,chernigovka,1,RU,1604441313,76,44.34,132.57,24.57,7.0
93,severodvinsk,90,RU,1604441313,87,64.56,39.83,48.2,8.95
94,tigil,100,RU,1604441314,75,57.8,158.67,38.8,19.13
95,hami,20,CN,1604440957,81,42.8,93.45,34.14,1.61
96,anuchino,0,RU,1604441314,76,43.96,133.05,23.11,6.85
97,kelvington,15,CA,1604441314,35,52.17,-103.53,57.2,3.36
98,husavik,0,IS,1604440881,69,66.04,-17.34,39.2,14.99
99,qaanaaq,2,GL,1604441052,79,77.48,-69.36,2.17,5.7
100,ellensburg,75,US,1604441287,75,47.0,-120.55,46.99,1.7
101,puerto leguizamo,0,ES,1604441116,88,36.59,-6.23,66.2,4.7
102,severo-kurilsk,19,RU,1604441315,82,50.68,156.12,41.47,12.75
103,ponta do sol,75,PT,1604440918,63,38.73,-28.27,60.8,11.41
104,lorengau,91,PG,1604440889,70,-2.02,147.27,84.22,3.56
105,kawalu,81,ID,1604441145,89,-7.38,108.21,72.36,1.3
106,mutum,99,BR,1604441316,81,-19.8,-41.44,68.07,4.97
107,maturin,100,VE,1604441317,92,9.75,-63.18,74.89,4.83
108,acarau,74,BR,1604441317,77,-2.89,-40.12,80.6,12.93
109,bathsheba,20,BB,1604440989,69,13.22,-59.52,82.4,17.22
110,guerrero negro,52,MX,1604440936,50,17.67,-100.0,74.34,4.34
111,urumqi,0,CN,1604441317,51,43.8,87.6,35.6,4.47
112,victor harbor,76,US,1604440938,76,42.98,-77.41,39.99,2.75
113,tual,100,ID,1604441318,78,-5.67,132.75,81.37,13.98
114,coquimbo,90,CL,1604440968,76,-29.95,-71.34,57.2,11.41
115,fortuna,20,US,1604441024,72,40.6,-124.16,64.0,6.93
116,aykhal,90,RU,1604441318,84,66.0,111.5,3.2,2.33
117,port keats,37,CD,1604441318,60,-7.03,29.76,77.54,4.47
118,cururupu,66,BR,1604441123,87,-1.83,-44.87,77.72,3.78
119,nome,90,US,1604440966,79,64.5,-165.41,26.01,6.93
120,pavlodar,0,KZ,1604441319,92,52.3,76.95,30.2,6.71
121,beeville,0,US,1604441026,34,28.4,-97.75,79.0,10.0
122,sept-iles,52,CA,1604440945,53,50.2,-66.38,24.8,11.41
123,tigzirt,49,DZ,1604441319,62,36.89,4.12,67.41,5.57
124,nalut,100,LY,1604441022,43,30.33,10.85,63.73,8.08
125,longyearbyen,90,SJ,1604441320,86,78.22,15.64,28.4,21.92
126,sobolevo,100,RU,1604441012,86,54.43,31.9,44.58,8.88
127,galveston,1,US,1604441141,40,29.37,-94.97,71.6,8.05
128,tiksi,100,RU,1604441069,95,71.69,128.87,9.55,3.06
129,shumskiy,100,RU,1604441323,96,54.83,99.13,27.81,1.68
130,portland,90,US,1604440646,93,45.52,-122.68,57.0,6.93
131,port augusta,37,CD,1604441323,60,-7.03,29.76,77.54,4.47
132,carnarvon,0,AU,1604441323,77,-24.87,113.63,64.4,13.87
133,iranshahr,0,IR,1604441324,12,27.2,60.68,62.6,4.79
134,tambo,26,PE,1604441326,58,-14.8,-73.92,44.11,8.81
135,maniwaki,34,CA,1604441326,58,46.38,-75.97,28.4,5.82
136,ribeira grande,20,ES,1604440941,81,42.75,-8.44,45.0,4.7
137,san patricio,33,ML,1604440747,21,13.3,-4.9,84.07,7.72
138,erenhot,6,CN,1604440996,73,43.65,111.98,33.35,11.1
139,esperance,40,AU,1604441326,93,-33.87,121.9,50.0,3.36
140,ostrovnoy,13,RU,1604440979,88,68.05,39.51,37.51,12.95
141,thompson,90,CA,1604440949,92,55.74,-97.86,23.0,4.7
142,upernavik,100,GL,1604440934,91,72.79,-56.15,20.12,9.95
143,tahta,0,EG,1604441328,49,26.77,31.5,77.0,11.41
144,clyde river,1,US,1604440975,41,41.3,-82.98,59.0,9.17
145,alekseyevsk,99,RU,1604441328,97,57.84,108.35,23.54,6.08
146,bambous virieux,75,MU,1604440920,73,-20.26,57.41,71.6,8.05
147,salalah,0,OM,1604440677,46,17.02,54.09,73.4,4.7
148,half moon bay,99,LR,1604441131,88,6.38,-10.7,78.51,4.7
149,chase,100,CA,1604441329,93,50.82,-119.69,44.6,1.12
150,luanda,40,AO,1604441192,83,-8.84,13.23,78.8,9.17
151,bilibino,0,RU,1604441329,85,68.05,166.44,-14.08,2.44
152,miyako,0,JP,1604441329,67,39.64,141.95,41.9,6.33
153,listvyanka,90,RU,1604441330,100,51.85,104.87,24.8,6.71
154,avarua,94,CK,1604441330,78,-21.21,-159.78,77.0,14.99
155,cidreira,3,BR,1604441017,78,-30.18,-50.21,62.62,12.68
156,kirovskiy,24,RU,1604441330,79,45.09,133.51,23.32,9.13
157,khatanga,93,RU,1604440954,94,71.97,102.5,-0.53,3.67
158,laguna,38,US,1604441330,36,38.42,-121.42,81.0,1.99
159,sibolga,100,ID,1604441014,88,1.74,98.78,74.46,4.05
160,biaora,0,IN,1604441331,29,23.87,76.92,63.75,5.08
161,puerto madero,0,ES,1604441109,88,36.59,-6.23,66.2,4.7
162,weligama,98,LK,1604441331,87,5.97,80.42,77.5,5.84
163,sur,0,OM,1604440908,49,22.57,59.53,70.21,7.18
164,qui nhon,40,BR,1604441332,83,-10.97,-37.6,80.6,8.05
165,saint-augustin,58,CA,1604441332,82,51.23,-58.65,26.51,10.98
166,vila velha,13,PT,1604441067,81,42.03,-8.16,45.0,8.99
167,tiarei,75,PF,1604441332,58,-17.53,-149.33,86.0,18.34
168,east london,75,IS,1604440923,69,65.0,-15.0,39.2,8.05
169,brindisi,20,IT,1604441332,88,40.58,17.67,62.6,9.17
170,kathmandu,20,NP,1604441157,93,27.72,85.32,59.0,2.24
171,pochutla,20,MX,1604440998,58,15.74,-96.47,88.0,11.41
172,praia,0,CV,1604440848,74,14.92,-23.51,78.8,16.11
173,timmins,90,CA,1604441334,92,48.47,-81.33,23.0,10.29
174,brae,95,GB,1604441334,81,60.4,-1.35,46.4,16.11
175,hofn,6,IS,1604441005,65,64.25,-15.21,41.07,11.95
176,kuytun,100,RU,1604441334,99,54.34,101.5,27.63,3.85
177,salisbury,2,GB,1604441335,81,51.07,-1.8,42.8,10.29
178,saskylakh,94,RU,1604441004,91,71.92,114.08,-3.33,3.65
179,sembe,91,CG,1604441335,90,1.65,14.58,73.08,0.74
180,santa isabel,80,PH,1604441335,83,17.49,120.43,75.7,5.35
181,riachao das neves,100,BR,1604441335,91,-7.36,-46.62,73.72,7.14
182,nanpiao,0,CN,1604441336,62,41.1,120.75,29.03,2.68
183,oranjemund,5,NA,1604441036,89,-28.55,16.43,60.96,5.77
184,kiunga,100,PG,1604441140,98,-6.12,141.29,73.85,2.93
185,acurenam,100,GQ,1604441336,99,1.03,10.65,68.86,3.18
186,hasaki,40,JP,1604441010,70,35.73,140.83,48.2,8.05
187,bethel,77,US,1604440910,60,41.37,-73.41,41.0,4.41
188,pevek,15,RU,1604441336,92,69.7,170.31,1.71,9.8
189,loukhi,100,RU,1604441337,84,66.08,33.04,41.32,9.46
190,norsup,75,VU,1604441337,88,-16.07,167.38,77.0,3.36
191,broome,20,US,1604441030,74,42.25,-75.83,39.0,3.36
192,beloha,0,MG,1604440955,68,-25.17,45.05,70.66,5.3
193,dingle,100,PH,1604440981,90,11.0,122.67,75.97,2.59
194,brooks,83,CA,1604441265,21,50.58,-111.89,62.6,17.22
195,cuyo,100,PH,1604441339,79,10.85,121.01,83.08,13.82
196,matara,100,LK,1604441339,88,5.95,80.54,77.31,6.2
197,namibe,0,AO,1604440927,67,-15.2,12.15,69.75,10.45
198,gejiu,100,CN,1604441341,100,23.31,103.16,49.69,2.68
199,sabang,91,ID,1604441342,77,5.89,95.32,81.1,7.83
200,romny,6,UA,1604441247,94,50.75,33.47,43.86,3.94
201,chokurdakh,0,RU,1604440935,83,70.63,147.92,-16.04,5.41
202,okha,9,RU,1604441342,96,53.57,142.95,25.48,15.39
203,naze,75,JP,1604441342,63,28.37,129.48,68.0,19.46
204,hualmay,77,PE,1604441017,73,-11.1,-77.61,66.24,8.59
205,baiao,97,BR,1604441342,89,-2.79,-49.67,76.57,2.35
206,lagoa,8,PT,1604440968,72,39.05,-27.98,61.5,19.19
207,fort nelson,39,NL,1604441343,88,52.65,6.39,45.0,3.0
208,dikson,0,RU,1604440955,91,73.51,80.55,3.76,5.68
209,santa isabel do rio negro,80,PH,1604441093,83,17.49,120.43,75.7,5.35
210,mayumba,98,GA,1604441116,91,-3.43,10.66,78.31,6.96
211,madang,100,PG,1604441110,87,-5.22,145.8,78.67,8.81
212,svetlyy,0,RU,1604440948,93,54.67,20.13,44.6,4.47
213,jimma,0,ET,1604441344,73,7.67,36.83,56.34,1.12
214,saldanha,24,ZA,1604440878,93,-33.01,17.94,59.0,4.7
215,kaitangata,0,NZ,1604440931,60,-46.28,169.85,64.99,8.99
216,mahon,79,ES,1604441344,77,39.89,4.27,62.6,13.87
217,kalmunai,42,LK,1604441090,81,7.42,81.82,78.49,4.54
218,kang,100,BW,1604441344,70,-23.68,22.79,67.75,19.62
219,micheweni,0,TZ,1604441006,80,-4.97,39.83,77.43,9.26
220,lanzhou,74,CN,1604441345,50,36.06,103.79,46.99,1.19
221,souillac,75,MU,1604440879,73,-20.52,57.52,71.6,8.05
222,hollins,1,US,1604441345,25,37.34,-79.94,64.4,16.11
223,namtsy,0,RU,1604441345,75,62.72,129.67,-14.8,2.24
224,kayanga,97,TZ,1604441345,72,-1.53,31.15,62.73,2.06
225,fomboni,0,KM,1604441345,73,-12.28,43.74,78.46,10.4
226,nishihara,75,JP,1604440922,49,26.18,127.76,69.8,11.41
227,goderich,99,CA,1604440914,57,43.75,-81.72,50.0,6.93
228,kenora,20,CA,1604441346,43,49.82,-94.43,55.4,8.05
229,emba,0,KZ,1604441346,61,48.83,58.14,44.08,9.69
230,jiuquan,0,CN,1604440986,72,39.74,98.52,34.2,4.41
231,ongandjera,10,NA,1604441024,22,-17.88,15.07,76.96,12.91
232,hambantota,90,LK,1604440944,100,6.12,81.12,75.2,3.36
233,dodoma,25,TZ,1604441346,73,-6.17,35.74,67.19,12.24
234,necochea,21,AR,1604441143,54,-38.55,-58.74,70.0,13.0
235,mackay,40,AU,1604441101,61,-21.15,149.2,78.8,13.87
236,norman wells,1,US,1604440803,22,35.22,-97.44,77.0,17.22
237,carmo,87,BR,1604441347,85,-21.93,-42.61,66.09,4.7
238,egvekinot,0,RU,1604440936,82,66.32,-179.17,6.96,5.55
239,paamiut,100,GL,1604441133,91,61.99,-49.67,34.12,32.3
240,moose factory,1,US,1604441347,32,43.66,-110.72,64.4,5.82
241,meiktila,7,MM,1604441347,89,20.87,95.87,73.18,7.34
242,mongoumba,26,CF,1604441347,92,3.64,18.59,72.9,2.1
243,karratha,0,AU,1604440888,69,-20.74,116.85,72.19,7.0
244,alta floresta,0,NO,1604441041,64,69.97,23.27,39.2,21.92
245,kudahuvadhoo,76,MV,1604441348,71,2.67,72.89,82.72,7.02
246,erdenet,16,MN,1604441348,87,49.03,104.08,23.23,2.37
247,bodden town,51,GB,1604441348,95,51.2,-2.52,41.0,3.76
248,cap-aux-meules,100,CA,1604441348,87,47.38,-61.86,32.0,21.92
249,arman,100,RU,1604441348,90,59.7,150.17,34.61,23.94
250,baruun-urt,92,MN,1604440985,82,46.68,113.28,22.55,7.0
251,sao jose da coroa grande,0,IN,1604440944,44,20.51,76.21,67.23,3.09
252,lakes entrance,1,US,1604441350,56,61.61,-149.31,17.6,8.05
253,oro valley,100,NG,1604441350,67,7.9,5.11,73.54,1.92
254,sao joao da barra,0,IN,1604440775,44,20.51,76.21,67.23,3.09
255,nanortalik,100,GL,1604440970,82,60.14,-45.24,39.36,17.54
256,najran,0,SA,1604441350,25,17.49,44.13,60.8,2.51
257,winslow,40,US,1604441351,21,35.02,-110.7,69.8,4.7
258,san policarpo,33,ML,1604440803,21,13.3,-4.9,84.07,7.72
259,luderitz,1,NA,1604440983,92,-26.65,15.16,58.93,3.4
260,kushima,20,JP,1604441351,70,31.46,131.23,46.4,6.93
261,cabo san lucas,40,BR,1604440971,74,-8.28,-35.03,82.4,6.93
262,sorong,100,ID,1604441351,87,-0.88,131.25,77.67,9.1
263,ypsilanti,1,US,1604441318,36,42.24,-83.61,62.6,12.75
264,gobabis,39,NA,1604441352,22,-22.45,18.97,74.34,8.43
265,bloomsburg,40,US,1604441214,78,41.0,-76.45,50.0,1.19
266,forbes,43,AU,1604441352,57,-33.38,148.02,73.0,4.0
267,batagay,15,RU,1604441352,85,67.63,134.63,-16.96,1.36
268,konongo,35,GH,1604440989,89,6.62,-1.22,73.81,2.21
269,jizan,0,SA,1604441352,74,17.33,42.67,82.4,3.36
270,metro,95,ID,1604441353,91,-5.11,105.31,74.37,5.3
271,padang,100,ID,1604440856,81,-0.95,100.35,75.56,6.8
272,poum,100,NC,1604441010,79,-20.23,164.02,77.45,8.88
273,latur,0,IN,1604441353,55,18.4,76.58,66.16,5.28
274,dedza,0,MW,1604441353,62,-14.38,34.33,65.41,5.32
275,evensk,100,RU,1604441102,94,61.95,159.23,28.13,20.74
276,mogadishu,73,SO,1604441353,83,2.04,45.34,78.96,9.82
277,pilar,0,BR,1604441353,83,-9.6,-35.96,78.8,8.05
278,college,20,US,1604441140,75,64.86,-147.8,-14.8,0.76
279,shahrud,3,IR,1604441133,39,36.42,54.98,54.93,1.01
280,berlevag,40,NO,1604441354,70,70.86,29.09,42.8,20.8
281,villamontes,0,BO,1604441354,20,-21.25,-63.5,89.28,7.54
282,san cristobal,33,ML,1604440747,21,13.3,-4.9,84.07,7.72
283,grindavik,75,IS,1604440966,86,63.84,-22.43,39.2,8.05
284,camacha,40,PT,1604440961,68,33.08,-16.33,66.2,12.75
285,yulara,34,AU,1604440869,34,-25.24,130.99,82.4,6.93
286,vila franca do campo,13,PT,1604440943,80,42.03,-8.16,45.0,10.0
287,dalby,1,AU,1604441021,68,-27.18,151.27,64.4,13.87
288,nyurba,86,RU,1604441356,96,63.28,118.33,8.38,4.88
289,porto novo,0,PT,1604441144,66,41.15,-8.61,51.8,11.41
290,karabuk,99,TR,1604441357,68,41.2,32.63,50.88,1.03
291,bundaberg,40,AU,1604440939,64,-24.85,152.35,71.6,5.82
292,ouadda,18,CF,1604441357,59,8.08,22.4,71.22,2.55
293,georgetown,40,MY,1604440813,88,5.41,100.34,78.01,4.7
294,naron,46,ES,1604441357,78,43.52,-8.15,50.0,3.0
295,tsumeb,35,NA,1604441357,22,-19.23,17.72,77.34,5.95
296,bubaque,5,GW,1604440984,74,11.28,-15.83,84.2,12.37
297,nouakchott,20,MR,1604441130,37,18.09,-15.98,82.4,8.05
298,mayo,1,US,1604441003,44,38.89,-76.51,57.99,6.93
299,fort-shevchenko,0,KZ,1604441360,78,44.51,50.26,55.8,5.03
300,fairbanks,40,US,1604440802,75,64.84,-147.72,-14.8,0.67
301,gunjur,0,GM,1604441360,88,13.2,-16.73,80.6,7.58
302,pallasovka,100,RU,1604441360,53,50.05,46.88,48.13,9.08
303,mahibadhoo,13,MV,1604441150,71,3.78,72.97,82.85,4.97
304,kruisfontein,34,ZA,1604441361,93,-34.0,24.73,64.99,2.82
305,santiago,0,CL,1604441137,17,-33.46,-70.65,86.0,8.05
306,bonavista,95,CA,1604440966,80,48.65,-53.11,39.0,5.82
307,muros,31,ES,1604440915,90,42.78,-9.06,45.0,11.77
308,ornskoldsvik,5,SE,1604441362,83,63.29,18.72,32.0,3.36
309,provideniya,0,RU,1604441362,89,64.38,-173.3,15.51,8.57
310,tairua,100,NZ,1604441362,85,-37.02,175.85,68.0,7.0
311,newport,31,GB,1604441127,93,51.59,-3.0,42.01,4.29
312,blagoveshchenka,93,RU,1604441363,95,52.83,79.87,29.34,9.69
313,voi,49,KE,1604441363,82,-3.39,38.56,71.04,7.02
314,pisco,0,PE,1604441363,68,-13.7,-76.22,69.8,8.05
315,seoul,1,KR,1604440990,34,37.57,126.98,35.6,3.36
316,kutahya,75,TR,1604441363,66,39.42,29.98,48.2,5.82
317,waipawa,99,NZ,1604441363,73,-41.41,175.52,69.8,19.46
318,makakilo city,90,US,1604441364,70,21.35,-158.09,84.2,6.93
319,nara,20,JP,1604441364,70,34.69,135.8,46.99,9.17
320,teya,93,RU,1604441364,95,60.38,92.63,16.92,4.79
321,pangody,100,RU,1604441364,98,65.85,74.49,23.34,8.28
322,mabaruma,99,GY,1604441118,96,8.2,-59.78,75.4,4.32
323,juegang,20,CN,1604441012,99,32.32,121.19,54.0,6.78
324,lobao,0,PT,1604441364,72,40.99,-8.49,51.01,1.99
325,guozhen,87,CN,1604441071,48,34.37,107.36,50.2,1.41
326,zalantun,1,CN,1604441365,78,48.0,122.72,19.22,4.59
327,shubarkuduk,0,KZ,1604441365,54,49.14,56.49,46.02,13.85
328,talnakh,40,RU,1604440996,83,69.49,88.4,-7.6,2.24
329,namatanai,100,PG,1604441032,73,-3.67,152.43,84.16,4.61
330,awjilah,0,LY,1604441365,73,29.11,21.29,62.71,8.75
331,kokopo,87,PG,1604441098,75,-4.35,152.26,82.78,2.77
332,bilma,0,NE,1604441094,22,18.69,12.92,71.92,7.27
333,tomarovka,90,RU,1604441366,100,50.68,36.23,44.6,4.47
334,qandala,0,SO,1604441366,55,11.47,49.87,76.3,4.94
335,platanos,100,GR,1604441366,93,37.67,21.62,59.0,2.24
336,ust-tsilma,100,RU,1604441366,83,65.44,52.15,43.5,14.47
337,mardan,0,PK,1604441243,58,34.2,72.05,59.0,4.7
338,cowra,70,AU,1604441367,57,-33.83,148.68,73.0,4.0
339,pitimbu,75,BR,1604441367,78,-7.47,-34.81,80.6,9.17
340,kushiro,4,JP,1604441367,71,42.98,144.37,39.6,18.57
341,sabinas,0,MX,1604441367,28,27.85,-101.12,76.78,11.77
342,vyazemskiy,45,RU,1604441367,83,47.54,134.75,20.35,15.01
343,fethiye,0,TR,1604441367,63,36.62,29.12,60.8,2.24
344,manado,40,ID,1604441368,94,1.49,124.85,75.2,1.12
345,camopi,100,GF,1604441368,93,3.17,-52.32,75.92,4.23
346,ndjole,97,GA,1604441368,94,-0.18,10.76,75.24,1.59
347,sinnamary,94,GF,1604441025,83,5.38,-52.95,80.13,9.06
348,diffa,66,NE,1604441368,26,13.32,12.61,83.12,14.18
349,barra do bugres,97,BR,1604441368,79,-11.09,-43.14,77.47,5.48
350,adeje,40,ES,1604441071,73,28.12,-16.73,73.0,14.99
351,robertsport,97,LR,1604441368,83,6.75,-11.37,80.42,7.25
352,dukat,100,RU,1604441369,95,62.55,155.55,12.34,5.75
353,hecelchakan,40,MX,1604441369,69,20.17,-90.13,80.6,20.8
354,konstantinovka,0,RU,1604441369,92,49.62,127.98,16.02,7.14
355,singaraja,56,ID,1604441369,65,-8.11,115.09,79.56,3.06
356,benguela,1,AO,1604441369,78,-12.58,13.41,76.57,3.6
357,pirai do sul,90,BR,1604441369,68,-22.63,-43.9,71.6,10.29
358,san miguel,33,ML,1604441181,21,13.3,-4.9,84.07,7.72
359,turayf,0,SA,1604441030,72,31.67,38.66,62.6,4.7
360,sitka,40,US,1604441043,69,57.05,-135.33,39.2,6.93
361,natal,40,BR,1604440955,78,-5.79,-35.21,80.6,12.75
362,nuevo progreso,1,US,1604441012,30,33.8,-117.15,84.0,8.05
363,halifax,75,CA,1604441033,92,44.65,-63.57,28.99,16.11
364,comodoro rivadavia,59,BR,1604440997,52,-13.66,-59.79,79.77,2.8
365,ketchikan,20,US,1604440863,75,55.34,-131.65,44.6,12.75
366,port-cartier,52,CA,1604441024,53,50.03,-66.87,24.8,11.41
367,vence,75,FR,1604441371,77,43.72,7.11,62.6,4.7
368,lata,0,PT,1604440922,76,40.16,-8.33,54.0,3.0
369,billings,1,US,1604440808,13,45.78,-108.5,73.4,13.87
370,haines junction,88,US,1604440923,90,59.23,-135.44,24.82,7.78
371,dawson creek,1,US,1604441301,19,31.77,-84.45,69.8,2.48
372,isangel,90,VU,1604440900,83,-19.55,169.27,82.4,5.82
373,chiredzi,48,ZW,1604441380,57,-21.05,31.67,79.05,10.04
374,chumikan,30,RU,1604441380,88,54.72,135.31,11.32,27.38
375,ayr,20,GB,1604441380,81,55.46,-4.63,46.4,3.36
376,port-gentil,75,GA,1604441084,88,-0.72,8.78,80.6,6.93
377,znamenskoye,99,RU,1604441380,94,57.13,73.83,25.81,7.65
378,goundi,0,TD,1604441381,44,9.36,17.37,78.1,3.53
379,andenes,20,NO,1604441381,86,69.31,16.12,41.0,14.99
380,san juan,33,ML,1604440747,21,13.3,-4.9,84.07,7.72
381,mittagong,0,AU,1604441381,72,-34.45,150.45,66.0,9.17
382,honiara,75,SB,1604441037,83,-9.43,159.95,77.0,4.7
383,purpe,100,RU,1604441381,98,64.48,76.69,21.94,7.63
384,mindyak,90,RU,1604441381,100,54.02,58.79,26.6,8.95
385,noumea,0,NC,1604441265,83,-22.28,166.46,79.0,3.36
386,tilichiki,100,RU,1604440969,100,60.47,166.1,35.4,21.52
387,sarkand,100,KZ,1604441000,68,45.41,79.92,39.34,3.06
388,mercedes,13,AR,1604441003,65,-34.65,-59.43,72.0,4.0
389,leh,91,IN,1604440948,72,34.17,77.58,28.58,3.36
390,hamilton,1,US,1604440808,31,39.18,-84.53,64.4,9.17
391,karasjok,0,NO,1604441383,64,69.47,25.51,39.2,27.51
392,kautokeino,11,NO,1604441040,86,69.01,23.04,33.94,13.33
393,lawan kuda baharu,0,IN,1604441383,21,26.87,72.04,71.69,7.02
394,petropavlovsk-kamchatskiy,90,RU,1604440905,100,53.05,158.65,46.4,15.66
395,cloquet,1,US,1604441384,22,46.72,-92.46,73.4,6.93
396,naftalan,75,AZ,1604441384,87,40.51,46.83,60.8,5.82
397,puerto vallarta,0,ES,1604441116,88,36.59,-6.23,66.2,4.7
398,capoterra,75,IT,1604441384,93,39.18,8.97,59.0,3.36
399,tuburan,20,PH,1604441384,94,6.64,122.27,75.2,1.12
400,vao,100,NC,1604441385,89,-22.67,167.48,74.23,7.2
401,aksum,0,ET,1604441385,39,14.12,38.72,55.85,4.54
402,melito di porto salvo,31,IT,1604441385,84,40.33,15.07,57.99,1.99
403,ilabaya,2,PE,1604441386,52,-17.42,-70.51,64.58,5.97
404,batesville,1,US,1604441386,37,35.77,-91.64,71.6,8.05
405,orange cove,75,US,1604441264,53,33.7,-117.77,81.0,6.93
406,ivybridge,56,GB,1604441387,87,50.39,-3.92,44.01,8.52
407,owo,100,NG,1604441387,80,7.2,5.59,75.33,3.29
408,zarya,75,RU,1604441387,100,55.76,38.1,46.0,6.71
409,ponta delgada,75,PT,1604441087,63,38.73,-28.27,60.8,11.41
410,smithers,75,CA,1604441387,81,54.78,-127.17,48.2,9.17
411,robat karim,75,IR,1604441388,38,34.27,46.8,60.8,6.93
412,yumen,22,CN,1604441024,68,40.28,97.2,35.26,10.71
413,changli,0,CN,1604441388,65,39.7,119.15,35.62,3.2
414,tautira,75,PF,1604441077,58,-17.73,-149.15,86.0,18.34
415,kyshtovka,100,RU,1604441388,93,56.55,76.63,27.23,10.4
416,abu kamal,0,IN,1604441112,38,24.6,72.7,57.9,1.88
417,constantine,0,DZ,1604441389,71,36.37,6.61,55.4,3.36
418,sambava,92,MG,1604441389,85,-14.27,50.17,72.55,10.78
419,juneau,90,US,1604441389,86,58.3,-134.42,30.2,3.58
420,cayenne,90,GF,1604441125,78,4.93,-52.33,82.4,2.24
421,svetlaya,49,RU,1604441123,80,46.54,138.33,25.34,7.87
422,bowen,90,AU,1604441106,78,-20.02,148.23,73.4,9.17
423,izazi,0,TZ,1604441389,59,-7.2,35.73,68.04,3.02
424,mount isa,29,GB,1604440985,95,53.66,-1.85,41.0,3.0
425,iquique,90,CL,1604441390,63,-20.22,-70.14,64.4,12.75
426,amahai,100,ID,1604441285,94,-3.33,128.92,82.0,7.14
427,kaspiysk,13,RU,1604441390,57,42.88,47.64,50.0,8.95
428,otjimbingwe,99,NA,1604441390,50,-22.35,16.13,63.18,2.86
429,desaguadero,15,PE,1604441390,43,-16.57,-69.04,56.57,12.41
430,stromness,95,GB,1604441390,81,58.97,-3.3,44.6,17.22
431,sechura,60,PE,1604441390,59,-5.56,-80.82,72.07,17.0
432,belmonte,75,BR,1604440939,93,-15.86,-38.88,66.2,5.82
433,san nicolas,33,ML,1604441391,21,13.3,-4.9,84.07,7.72
434,sosva,24,RU,1604441391,89,59.18,61.86,30.18,8.75
435,dakar,0,SN,1604441391,83,14.69,-17.44,77.0,8.52
436,alice springs,1,US,1604441023,28,27.75,-98.07,82.4,12.75
437,filingue,1,NE,1604441149,23,14.35,3.32,86.68,6.64
438,bulgan,10,MN,1604441392,84,48.81,103.53,25.39,1.43
439,buala,56,SB,1604441148,73,-8.14,159.59,83.88,6.24
440,ilulissat,100,GL,1604441014,80,69.22,-51.1,35.6,18.34
441,haicheng,0,CN,1604441392,66,40.85,122.75,27.9,5.1
442,plymouth,1,US,1604441284,35,41.83,-70.83,42.8,9.17
443,bulungu,100,CD,1604441392,97,-4.55,18.6,71.91,1.05
444,locri,20,IT,1604441393,68,38.24,16.26,64.4,6.93
445,ladario,0,BR,1604441393,33,-19.0,-57.6,93.2,6.93
446,bardiyah,44,LY,1604441127,75,31.76,25.09,67.93,12.19
447,pacific grove,1,US,1604440987,24,38.48,-90.74,78.8,8.05
448,povolzhskiy,41,RU,1604441396,76,53.59,49.76,33.8,2.24
449,nata,90,PA,1604441397,94,8.33,-80.52,77.0,4.7
450,beringovskiy,99,RU,1604440931,82,63.05,179.32,19.45,4.03
451,atlantic beach,1,US,1604441397,46,39.47,-74.67,53.6,6.93
452,mount gambier,29,GB,1604441031,95,53.66,-1.85,41.0,3.0
453,ambilobe,96,MG,1604441099,80,-13.2,49.05,71.13,4.12
454,san luis,33,ML,1604441398,21,13.3,-4.9,84.07,7.72
455,krasnoshchekovo,95,RU,1604441398,97,51.67,82.73,26.76,5.39
456,dera din panah,9,ET,1604441398,36,8.33,39.32,58.37,6.62
457,cabedelo,75,BR,1604441145,78,-6.98,-34.83,80.6,9.17
458,gondanglegi,97,ID,1604441398,81,-7.75,112.01,74.35,1.7
459,palmer,72,US,1604440995,49,42.16,-72.33,37.99,4.63
460,omboue,79,GA,1604441399,89,-1.57,9.26,77.07,5.57
461,fuyu,0,CN,1604441399,79,45.18,124.82,18.81,8.59
462,ahipara,100,NZ,1604440922,78,-35.17,173.17,67.08,14.0
463,keti bandar,40,AM,1604441399,93,40.87,43.84,39.2,3.36
464,port macquarie,37,CD,1604441399,60,-7.03,29.76,77.54,4.47
465,pathein,23,MM,1604441143,94,16.78,94.73,75.63,3.0
466,shihezi,44,CN,1604441400,67,44.3,86.03,38.32,2.75
467,pinawa,0,CA,1604441400,68,50.15,-95.88,50.88,3.8
468,robertson,1,US,1604441400,32,36.52,-86.87,66.2,6.93
469,dalvik,0,IS,1604441400,69,65.97,-18.53,39.2,14.99
470,nantucket,1,US,1604441400,45,41.28,-70.1,42.8,17.22
471,ushtobe,79,KZ,1604441401,70,45.25,77.98,37.24,0.69
472,salinas,1,US,1604441346,52,36.68,-121.66,73.99,8.05
473,inhambane,26,MZ,1604441012,82,-23.86,35.38,72.48,7.99
474,shestakovo,100,RU,1604441402,96,56.49,103.96,24.71,4.09
475,warrington,18,GB,1604441402,94,53.39,-2.58,42.01,3.85
476,caorle,99,IT,1604441402,92,45.6,12.88,55.99,3.36
477,yei,29,SS,1604441402,87,4.09,30.68,68.05,1.45
478,tura,0,IN,1604441403,72,25.52,90.22,65.66,0.94
479,ofaqim,4,IL,1604441403,85,31.31,34.62,66.0,6.35
480,smirnykh,5,RU,1604441403,94,49.75,142.83,28.54,5.35
481,visnes,53,NO,1604441403,87,59.36,5.22,44.01,9.17
482,garcia,5,MX,1604441403,36,25.82,-100.58,75.2,13.87
483,saint-francois,0,FR,1604441403,93,46.42,3.91,46.4,1.81
484,faya,0,SA,1604440950,87,18.39,42.45,60.8,5.82
485,chancay,0,PE,1604441404,64,-11.57,-77.27,69.8,11.41
486,bereda,92,ES,1604441038,100,43.27,-7.54,44.01,1.01
487,nuevo laredo,1,US,1604441404,30,33.8,-117.15,84.0,8.05
488,tallahassee,20,US,1604441404,19,30.44,-84.28,71.6,8.05
489,methoni,20,GR,1604441405,87,36.82,21.7,63.0,4.7
490,kalmar,5,SE,1604441405,93,56.66,16.36,48.0,5.82
491,havelock,1,US,1604440931,29,34.88,-76.9,62.6,9.17
492,honningsvag,75,NO,1604441310,81,70.98,25.97,42.8,25.28
493,krasnoselkup,99,RU,1604441406,95,65.7,82.47,6.19,3.83
494,robe,100,AU,1604441406,79,-37.18,139.75,56.21,19.8
495,tezu,48,IN,1604441096,84,27.92,96.17,66.81,3.38
496,arcoverde,96,BR,1604441201,74,-8.42,-37.05,75.76,3.02
497,mehamn,40,NO,1604441150,75,71.04,27.85,42.8,20.8
498,peniche,0,PT,1604441096,76,39.36,-9.38,57.99,21.0
499,agadir,0,MA,1604441406,77,30.42,-9.6,64.4,4.7
500,alofi,40,NU,1604441328,83,-19.06,-169.92,77.0,18.34
501,prince rupert,1,CA,1604441407,57,52.97,-108.38,51.8,4.7
502,fez,0,MA,1604441407,59,34.04,-5.0,60.8,6.93
503,willowmore,27,ZA,1604441407,46,-33.29,23.49,67.41,2.82
504,mutis,46,CO,1604441407,80,6.23,-77.4,78.93,8.41
505,idil,53,TR,1604441407,67,37.34,41.89,58.3,5.23
506,kloulklubed,75,PW,1604441408,83,7.04,134.26,80.6,11.07
507,port lincoln,37,CD,1604440956,60,-7.03,29.76,77.54,4.47
508,kulhudhuffushi,0,MV,1604440944,66,6.62,73.07,81.68,2.51
509,rudbar,9,AF,1604440927,35,30.15,62.6,58.93,7.63
510,owando,65,CG,1604441116,95,-0.48,15.9,71.96,1.28
511,atikokan,0,CA,1604441408,90,48.76,-91.62,43.25,3.8
512,shingu,0,JP,1604441027,70,33.73,135.98,45.39,6.89
513,abu dhabi,0,IN,1604440966,38,24.6,72.7,57.9,1.88
514,malya,90,TZ,1604441408,61,-2.98,33.52,74.3,4.65
515,kota belud,0,IN,1604441409,25,25.18,75.83,67.33,3.11
516,kavaratti,0,IN,1604440924,72,10.57,72.64,82.31,4.81
517,savelugu,0,GH,1604441410,37,9.62,-0.83,83.39,4.07
518,dvinskoy,100,RU,1604440974,92,62.15,45.12,41.54,10.11
519,fort thomas,39,NL,1604441410,88,52.65,6.39,45.0,3.0
520,kommunisticheskiy,100,RU,1604441410,94,61.68,64.48,31.71,12.46
521,burnie,100,AU,1604441005,80,-41.07,145.92,62.01,8.99
522,hovd,100,MN,1604440969,79,48.01,91.64,30.45,7.02
523,lavumisa,56,SZ,1604441410,88,-27.31,31.89,69.04,4.97
524,obama,82,JP,1604441411,69,35.5,135.75,51.01,8.99
525,nevelsk,40,RU,1604441411,92,46.67,141.86,30.2,2.24
526,boende,61,CD,1604441411,94,-0.22,20.87,72.82,1.23
527,west lafayette,5,US,1604441412,20,31.8,-97.09,77.0,8.05
528,fukue,0,JP,1604440951,71,32.69,128.84,55.24,23.73
529,rawah,84,IQ,1604441413,47,34.48,41.91,66.76,5.86
530,ivnya,90,RU,1604441413,100,51.06,36.13,44.6,4.47
531,formosa,0,AR,1604441413,25,-26.18,-58.18,86.0,12.75
532,nivala,70,FI,1604441413,94,63.92,24.97,37.99,1.01
533,roanoke rapids,1,US,1604441233,25,37.27,-79.94,64.4,16.11
534,ballina,75,AU,1604440987,68,-28.87,153.57,66.99,11.41
535,hun,0,LY,1604441413,46,29.13,15.95,61.95,5.28
536,pitrufquen,0,CL,1604441353,77,-38.98,-72.65,59.0,11.41
537,san ramon,33,ML,1604441391,21,13.3,-4.9,84.07,7.72
538,oksfjord,0,NO,1604441414,64,70.24,22.35,44.6,21.92
539,bhainsdehi,0,IN,1604441414,33,21.65,77.63,61.03,1.01
540,sangmelima,87,CM,1604441414,98,2.93,11.98,68.22,1.99
541,boffa,1,GN,1604441414,86,10.17,-14.03,79.0,1.7
542,trairi,90,BR,1604441414,76,-3.28,-39.27,80.82,10.45
543,mareeba,75,AU,1604441095,73,-17.0,145.43,82.0,8.05
544,libreville,75,GA,1604441206,88,0.39,9.45,80.6,8.05
545,faanui,94,PF,1604440972,82,-16.48,-151.75,79.52,21.36
546,lokosovo,100,RU,1604441417,97,61.13,74.82,25.93,11.34
547,bahsuma,0,IN,1604441417,31,29.22,77.97,60.21,2.51
548,darlawn,96,IN,1604441417,100,24.02,92.9,63.88,2.24
